sample_id,source,mode,channel,angle_deg,value
R0S39_Pg2TTT_CB_15mgml_7e-2mms_45C_100um_5ul,sample_corr,PPL,R,0,0.010357752442359924
R0S39_Pg2TTT_CB_15mgml_7e-2mms_45C_100um_5ul,sample_corr,PPL,R,5,0.010125885717570782
R0S39_Pg2TTT_CB_15mgml_7e-2mms_45C_100um_5ul,sample_corr,PPL,R,10,0.009735114872455597
R0S39_Pg2TTT_CB_15mgml_7e-2mms_45C_100um_5ul,sample_corr,PPL,R,15,0.009354375302791595
R0S39_Pg2TTT_CB_15mgml_7e-2mms_45C_100um_5ul,sample_corr,PPL,R,20,0.008922495879232883
R0S39_Pg2TTT_CB_15mgml_7e-2mms_45C_100um_5ul,sample_corr,PPL,R,25,0.008568685501813889
R0S39_Pg2TTT_CB_15mgml_7e-2mms_45C_100um_5ul,sample_corr,PPL,R,30,0.008111732080578804
R0S39_Pg2TTT_CB_15mgml_7e-2mms_45C_100um_5ul,sample_corr,PPL,R,35,0.007751141209155321
R0S39_Pg2TTT_CB_15mgml_7e-2mms_45C_100um_5ul,sample_corr,PPL,R,40,0.007322744932025671
R0S39_Pg2TTT_CB_15mgml_7e-2mms_45C_100um_5ul,sample_corr,PPL,R,45,0.007067912258207798
R0S39_Pg2TTT_CB_15mgml_7e-2mms_45C_100um_5ul,sample_corr,PPL,R,50,0.006723605562001467
R0S39_Pg2TTT_CB_15mgml_7e-2mms_45C_100um_5ul,sample_corr,PPL,R,55,0.006558592431247234
R0S39_Pg2TTT_CB_15mgml_7e-2mms_45C_100um_5ul,sample_corr,PPL,R,60,0.0063581387512385845
R0S39_Pg2TTT_CB_15mgml_7e-2mms_45C_100um_5ul,sample_corr,PPL,R,65,0.006295689847320318
R0S39_Pg2TTT_CB_15mgml_7e-2mms_45C_100um_5ul,sample_corr,PPL,R,70,0.006284764967858791
R0S39_Pg2TTT_CB_15mgml_7e-2mms_45C_100um_5ul,sample_corr,PPL,R,75,0.006307144183665514
R0S39_Pg2TTT_CB_15mgml_7e-2mms_45C_100um_5ul,sample_corr,PPL,R,80,0.006460414733737707
R0S39_Pg2TTT_CB_15mgml_7e-2mms_45C_100um_5ul,sample_corr,PPL,R,85,0.006602735258638859
R0S39_Pg2TTT_CB_15mgml_7e-2mms_45C_100um_5ul,sample_corr,PPL,R,90,0.006827166303992271
R0S39_Pg2TTT_CB_15mgml_7e-2mms_45C_100um_5ul,sample_corr,PPL,R,95,0.007111415266990662
R0S39_Pg2TTT_CB_15mgml_7e-2mms_45C_100um_5ul,sample_corr,PPL,R,100,0.00739875715225935
R0S39_Pg2TTT_CB_15mgml_7e-2mms_45C_100um_5ul,sample_corr,PPL,R,105,0.007696408312767744
R0S39_Pg2TTT_CB_15mgml_7e-2mms_45C_100um_5ul,sample_corr,PPL,R,110,0.008045735768973827
R0S39_Pg2TTT_CB_15mgml_7e-2mms_45C_100um_5ul,sample_corr,PPL,R,115,0.008508983999490738
R0S39_Pg2TTT_CB_15mgml_7e-2mms_45C_100um_5ul,sample_corr,PPL,R,120,0.008962304331362247
R0S39_Pg2TTT_CB_15mgml_7e-2mms_45C_100um_5ul,sample_corr,PPL,R,125,0.00930415466427803
R0S39_Pg2TTT_CB_15mgml_7e-2mms_45C_100um_5ul,sample_corr,PPL,R,130,0.009743147529661655
R0S39_Pg2TTT_CB_15mgml_7e-2mms_45C_100um_5ul,sample_corr,PPL,R,135,0.010079093277454376
R0S39_Pg2TTT_CB_15mgml_7e-2mms_45C_100um_5ul,sample_corr,PPL,R,140,0.010423379018902779
R0S39_Pg2TTT_CB_15mgml_7e-2mms_45C_100um_5ul,sample_corr,PPL,R,145,0.010697689838707447
R0S39_Pg2TTT_CB_15mgml_7e-2mms_45C_100um_5ul,sample_corr,PPL,R,150,0.01083241868764162
R0S39_Pg2TTT_CB_15mgml_7e-2mms_45C_100um_5ul,sample_corr,PPL,R,155,0.011006847023963928
R0S39_Pg2TTT_CB_15mgml_7e-2mms_45C_100um_5ul,sample_corr,PPL,R,160,0.011121600866317749
R0S39_Pg2TTT_CB_15mgml_7e-2mms_45C_100um_5ul,sample_corr,PPL,R,165,0.01106429286301136
R0S39_Pg2TTT_CB_15mgml_7e-2mms_45C_100um_5ul,sample_corr,PPL,G,0,0.015836546197533607
R0S39_Pg2TTT_CB_15mgml_7e-2mms_45C_100um_5ul,sample_corr,PPL,G,5,0.015480123460292816
R0S39_Pg2TTT_CB_15mgml_7e-2mms_45C_100um_5ul,sample_corr,PPL,G,10,0.014880170114338398
R0S39_Pg2TTT_CB_15mgml_7e-2mms_45C_100um_5ul,sample_corr,PPL,G,15,0.0143019063398242
R0S39_Pg2TTT_CB_15mgml_7e-2mms_45C_100um_5ul,sample_corr,PPL,G,20,0.01364702358841896
R0S39_Pg2TTT_CB_15mgml_7e-2mms_45C_100um_5ul,sample_corr,PPL,G,25,0.01309334859251976
R0S39_Pg2TTT_CB_15mgml_7e-2mms_45C_100um_5ul,sample_corr,PPL,G,30,0.012394747696816921
R0S39_Pg2TTT_CB_15mgml_7e-2mms_45C_100um_5ul,sample_corr,PPL,G,35,0.011824971064925194
R0S39_Pg2TTT_CB_15mgml_7e-2mms_45C_100um_5ul,sample_corr,PPL,G,40,0.011200050823390484
R0S39_Pg2TTT_CB_15mgml_7e-2mms_45C_100um_5ul,sample_corr,PPL,G,45,0.010765939950942993
R0S39_Pg2TTT_CB_15mgml_7e-2mms_45C_100um_5ul,sample_corr,PPL,G,50,0.010263004340231419
R0S39_Pg2TTT_CB_15mgml_7e-2mms_45C_100um_5ul,sample_corr,PPL,G,55,0.009993731044232845
R0S39_Pg2TTT_CB_15mgml_7e-2mms_45C_100um_5ul,sample_corr,PPL,G,60,0.009695260785520077
R0S39_Pg2TTT_CB_15mgml_7e-2mms_45C_100um_5ul,sample_corr,PPL,G,65,0.009585214778780937
R0S39_Pg2TTT_CB_15mgml_7e-2mms_45C_100um_5ul,sample_corr,PPL,G,70,0.009591544046998024
R0S39_Pg2TTT_CB_15mgml_7e-2mms_45C_100um_5ul,sample_corr,PPL,G,75,0.009631113149225712
R0S39_Pg2TTT_CB_15mgml_7e-2mms_45C_100um_5ul,sample_corr,PPL,G,80,0.009842976927757263
R0S39_Pg2TTT_CB_15mgml_7e-2mms_45C_100um_5ul,sample_corr,PPL,G,85,0.01008128747344017
R0S39_Pg2TTT_CB_15mgml_7e-2mms_45C_100um_5ul,sample_corr,PPL,G,90,0.010411031544208527
R0S39_Pg2TTT_CB_15mgml_7e-2mms_45C_100um_5ul,sample_corr,PPL,G,95,0.010854755528271198
R0S39_Pg2TTT_CB_15mgml_7e-2mms_45C_100um_5ul,sample_corr,PPL,G,100,0.011308712884783745
R0S39_Pg2TTT_CB_15mgml_7e-2mms_45C_100um_5ul,sample_corr,PPL,G,105,0.011783641763031483
R0S39_Pg2TTT_CB_15mgml_7e-2mms_45C_100um_5ul,sample_corr,PPL,G,110,0.012320198118686676
R0S39_Pg2TTT_CB_15mgml_7e-2mms_45C_100um_5ul,sample_corr,PPL,G,115,0.013020659796893597
R0S39_Pg2TTT_CB_15mgml_7e-2mms_45C_100um_5ul,sample_corr,PPL,G,120,0.013711828738451004
R0S39_Pg2TTT_CB_15mgml_7e-2mms_45C_100um_5ul,sample_corr,PPL,G,125,0.014250884763896465
R0S39_Pg2TTT_CB_15mgml_7e-2mms_45C_100um_5ul,sample_corr,PPL,G,130,0.014925324358046055
R0S39_Pg2TTT_CB_15mgml_7e-2mms_45C_100um_5ul,sample_corr,PPL,G,135,0.015449819155037403
R0S39_Pg2TTT_CB_15mgml_7e-2mms_45C_100um_5ul,sample_corr,PPL,G,140,0.015978461131453514
R0S39_Pg2TTT_CB_15mgml_7e-2mms_45C_100um_5ul,sample_corr,PPL,G,145,0.016422051936388016
R0S39_Pg2TTT_CB_15mgml_7e-2mms_45C_100um_5ul,sample_corr,PPL,G,150,0.016649171710014343
R0S39_Pg2TTT_CB_15mgml_7e-2mms_45C_100um_5ul,sample_corr,PPL,G,155,0.01690865121781826
R0S39_Pg2TTT_CB_15mgml_7e-2mms_45C_100um_5ul,sample_corr,PPL,G,160,0.01708901859819889
R0S39_Pg2TTT_CB_15mgml_7e-2mms_45C_100um_5ul,sample_corr,PPL,G,165,0.017004739493131638
R0S39_Pg2TTT_CB_15mgml_7e-2mms_45C_100um_5ul,sample_corr,PPL,B,0,0.013250789605081081
R0S39_Pg2TTT_CB_15mgml_7e-2mms_45C_100um_5ul,sample_corr,PPL,B,5,0.01300633791834116
R0S39_Pg2TTT_CB_15mgml_7e-2mms_45C_100um_5ul,sample_corr,PPL,B,10,0.01260177232325077
R0S39_Pg2TTT_CB_15mgml_7e-2mms_45C_100um_5ul,sample_corr,PPL,B,15,0.01220120582729578
R0S39_Pg2TTT_CB_15mgml_7e-2mms_45C_100um_5ul,sample_corr,PPL,B,20,0.011743477545678616
R0S39_Pg2TTT_CB_15mgml_7e-2mms_45C_100um_5ul,sample_corr,PPL,B,25,0.011369292624294758
R0S39_Pg2TTT_CB_15mgml_7e-2mms_45C_100um_5ul,sample_corr,PPL,B,30,0.010893340222537518
R0S39_Pg2TTT_CB_15mgml_7e-2mms_45C_100um_5ul,sample_corr,PPL,B,35,0.01050338800996542
R0S39_Pg2TTT_CB_15mgml_7e-2mms_45C_100um_5ul,sample_corr,PPL,B,40,0.010046432726085186
R0S39_Pg2TTT_CB_15mgml_7e-2mms_45C_100um_5ul,sample_corr,PPL,B,45,0.009774552658200264
R0S39_Pg2TTT_CB_15mgml_7e-2mms_45C_100um_5ul,sample_corr,PPL,B,50,0.009401736781001091
R0S39_Pg2TTT_CB_15mgml_7e-2mms_45C_100um_5ul,sample_corr,PPL,B,55,0.009221171960234642
R0S39_Pg2TTT_CB_15mgml_7e-2mms_45C_100um_5ul,sample_corr,PPL,B,60,0.009011232294142246
R0S39_Pg2TTT_CB_15mgml_7e-2mms_45C_100um_5ul,sample_corr,PPL,B,65,0.008930832147598267
R0S39_Pg2TTT_CB_15mgml_7e-2mms_45C_100um_5ul,sample_corr,PPL,B,70,0.008940935134887695
R0S39_Pg2TTT_CB_15mgml_7e-2mms_45C_100um_5ul,sample_corr,PPL,B,75,0.008958909660577774
R0S39_Pg2TTT_CB_15mgml_7e-2mms_45C_100um_5ul,sample_corr,PPL,B,80,0.009122989140450954
R0S39_Pg2TTT_CB_15mgml_7e-2mms_45C_100um_5ul,sample_corr,PPL,B,85,0.009286909364163876
R0S39_Pg2TTT_CB_15mgml_7e-2mms_45C_100um_5ul,sample_corr,PPL,B,90,0.009524377062916756
R0S39_Pg2TTT_CB_15mgml_7e-2mms_45C_100um_5ul,sample_corr,PPL,B,95,0.00983049813657999
R0S39_Pg2TTT_CB_15mgml_7e-2mms_45C_100um_5ul,sample_corr,PPL,B,100,0.010149061679840088
R0S39_Pg2TTT_CB_15mgml_7e-2mms_45C_100um_5ul,sample_corr,PPL,B,105,0.010463402606546879
R0S39_Pg2TTT_CB_15mgml_7e-2mms_45C_100um_5ul,sample_corr,PPL,B,110,0.010838988237082958
R0S39_Pg2TTT_CB_15mgml_7e-2mms_45C_100um_5ul,sample_corr,PPL,B,115,0.011333843693137169
R0S39_Pg2TTT_CB_15mgml_7e-2mms_45C_100um_5ul,sample_corr,PPL,B,120,0.011814913712441921
R0S39_Pg2TTT_CB_15mgml_7e-2mms_45C_100um_5ul,sample_corr,PPL,B,125,0.012180302292108536
R0S39_Pg2TTT_CB_15mgml_7e-2mms_45C_100um_5ul,sample_corr,PPL,B,130,0.012647346593439579
R0S39_Pg2TTT_CB_15mgml_7e-2mms_45C_100um_5ul,sample_corr,PPL,B,135,0.013008511625230312
R0S39_Pg2TTT_CB_15mgml_7e-2mms_45C_100um_5ul,sample_corr,PPL,B,140,0.013364582322537899
R0S39_Pg2TTT_CB_15mgml_7e-2mms_45C_100um_5ul,sample_corr,PPL,B,145,0.013653467409312725
R0S39_Pg2TTT_CB_15mgml_7e-2mms_45C_100um_5ul,sample_corr,PPL,B,150,0.013787816278636456
R0S39_Pg2TTT_CB_15mgml_7e-2mms_45C_100um_5ul,sample_corr,PPL,B,155,0.013976371847093105
R0S39_Pg2TTT_CB_15mgml_7e-2mms_45C_100um_5ul,sample_corr,PPL,B,160,0.014111030846834183
R0S39_Pg2TTT_CB_15mgml_7e-2mms_45C_100um_5ul,sample_corr,PPL,B,165,0.014044712297618389
R0S39_Pg2TTT_CB_15mgml_7e-2mms_45C_100um_5ul,sample_corr,XPL,R,0,6.933329132152721e-05
R0S39_Pg2TTT_CB_15mgml_7e-2mms_45C_100um_5ul,sample_corr,XPL,R,5,8.844668627716601e-05
R0S39_Pg2TTT_CB_15mgml_7e-2mms_45C_100um_5ul,sample_corr,XPL,R,10,0.0001263814338017255
R0S39_Pg2TTT_CB_15mgml_7e-2mms_45C_100um_5ul,sample_corr,XPL,R,15,0.00016630331811029464
R0S39_Pg2TTT_CB_15mgml_7e-2mms_45C_100um_5ul,sample_corr,XPL,R,20,0.00021730018488597125
R0S39_Pg2TTT_CB_15mgml_7e-2mms_45C_100um_5ul,sample_corr,XPL,R,25,0.0002694005088414997
R0S39_Pg2TTT_CB_15mgml_7e-2mms_45C_100um_5ul,sample_corr,XPL,R,30,0.0003277638752479106
R0S39_Pg2TTT_CB_15mgml_7e-2mms_45C_100um_5ul,sample_corr,XPL,R,35,0.00037137672188691795
R0S39_Pg2TTT_CB_15mgml_7e-2mms_45C_100um_5ul,sample_corr,XPL,R,40,0.0004018210165668279
R0S39_Pg2TTT_CB_15mgml_7e-2mms_45C_100um_5ul,sample_corr,XPL,R,45,0.0004244372248649597
R0S39_Pg2TTT_CB_15mgml_7e-2mms_45C_100um_5ul,sample_corr,XPL,R,50,0.00042645138455554843
R0S39_Pg2TTT_CB_15mgml_7e-2mms_45C_100um_5ul,sample_corr,XPL,R,55,0.0004109171568416059
R0S39_Pg2TTT_CB_15mgml_7e-2mms_45C_100um_5ul,sample_corr,XPL,R,60,0.0003703488619066775
R0S39_Pg2TTT_CB_15mgml_7e-2mms_45C_100um_5ul,sample_corr,XPL,R,65,0.0003306973085273057
R0S39_Pg2TTT_CB_15mgml_7e-2mms_45C_100um_5ul,sample_corr,XPL,R,70,0.0002765610988717526
R0S39_Pg2TTT_CB_15mgml_7e-2mms_45C_100um_5ul,sample_corr,XPL,R,75,0.00023023613903205842
R0S39_Pg2TTT_CB_15mgml_7e-2mms_45C_100um_5ul,sample_corr,XPL,R,80,0.00016968717682175338
R0S39_Pg2TTT_CB_15mgml_7e-2mms_45C_100um_5ul,sample_corr,XPL,R,85,0.0001282513840124011
R0S39_Pg2TTT_CB_15mgml_7e-2mms_45C_100um_5ul,sample_corr,XPL,R,90,9.957573638530448e-05
R0S39_Pg2TTT_CB_15mgml_7e-2mms_45C_100um_5ul,sample_corr,XPL,R,95,7.308872591238469e-05
R0S39_Pg2TTT_CB_15mgml_7e-2mms_45C_100um_5ul,sample_corr,XPL,R,100,6.253881292650476e-05
R0S39_Pg2TTT_CB_15mgml_7e-2mms_45C_100um_5ul,sample_corr,XPL,R,105,6.209861749084666e-05
R0S39_Pg2TTT_CB_15mgml_7e-2mms_45C_100um_5ul,sample_corr,XPL,R,110,7.024985097814351e-05
R0S39_Pg2TTT_CB_15mgml_7e-2mms_45C_100um_5ul,sample_corr,XPL,R,115,8.849519508657977e-05
R0S39_Pg2TTT_CB_15mgml_7e-2mms_45C_100um_5ul,sample_corr,XPL,R,120,0.0001071879014489241
R0S39_Pg2TTT_CB_15mgml_7e-2mms_45C_100um_5ul,sample_corr,XPL,R,125,0.0001254002272617072
R0S39_Pg2TTT_CB_15mgml_7e-2mms_45C_100um_5ul,sample_corr,XPL,R,130,0.00014221706078387797
R0S39_Pg2TTT_CB_15mgml_7e-2mms_45C_100um_5ul,sample_corr,XPL,R,135,0.00015049711510073394
R0S39_Pg2TTT_CB_15mgml_7e-2mms_45C_100um_5ul,sample_corr,XPL,R,140,0.00015121977776288986
R0S39_Pg2TTT_CB_15mgml_7e-2mms_45C_100um_5ul,sample_corr,XPL,R,145,0.00014057614316698164
R0S39_Pg2TTT_CB_15mgml_7e-2mms_45C_100um_5ul,sample_corr,XPL,R,150,0.000124192752991803
R0S39_Pg2TTT_CB_15mgml_7e-2mms_45C_100um_5ul,sample_corr,XPL,R,155,0.00010798226139741018
R0S39_Pg2TTT_CB_15mgml_7e-2mms_45C_100um_5ul,sample_corr,XPL,R,160,9.128189412876964e-05
R0S39_Pg2TTT_CB_15mgml_7e-2mms_45C_100um_5ul,sample_corr,XPL,R,165,7.411824481096119e-05
R0S39_Pg2TTT_CB_15mgml_7e-2mms_45C_100um_5ul,sample_corr,XPL,G,0,0.00011296650336589664
R0S39_Pg2TTT_CB_15mgml_7e-2mms_45C_100um_5ul,sample_corr,XPL,G,5,0.00014190087676979601
R0S39_Pg2TTT_CB_15mgml_7e-2mms_45C_100um_5ul,sample_corr,XPL,G,10,0.00019885029178112745
R0S39_Pg2TTT_CB_15mgml_7e-2mms_45C_100um_5ul,sample_corr,XPL,G,15,0.00025667017325758934
R0S39_Pg2TTT_CB_15mgml_7e-2mms_45C_100um_5ul,sample_corr,XPL,G,20,0.0003301269025541842
R0S39_Pg2TTT_CB_15mgml_7e-2mms_45C_100um_5ul,sample_corr,XPL,G,25,0.0004077771445736289
R0S39_Pg2TTT_CB_15mgml_7e-2mms_45C_100um_5ul,sample_corr,XPL,G,30,0.0004935922333970666
R0S39_Pg2TTT_CB_15mgml_7e-2mms_45C_100um_5ul,sample_corr,XPL,G,35,0.0005562378210015595
R0S39_Pg2TTT_CB_15mgml_7e-2mms_45C_100um_5ul,sample_corr,XPL,G,40,0.0006000914145261049
R0S39_Pg2TTT_CB_15mgml_7e-2mms_45C_100um_5ul,sample_corr,XPL,G,45,0.0006330208852887154
R0S39_Pg2TTT_CB_15mgml_7e-2mms_45C_100um_5ul,sample_corr,XPL,G,50,0.0006348168826662004
R0S39_Pg2TTT_CB_15mgml_7e-2mms_45C_100um_5ul,sample_corr,XPL,G,55,0.0006119431927800179
R0S39_Pg2TTT_CB_15mgml_7e-2mms_45C_100um_5ul,sample_corr,XPL,G,60,0.000552300363779068
R0S39_Pg2TTT_CB_15mgml_7e-2mms_45C_100um_5ul,sample_corr,XPL,G,65,0.0004947433480992913
R0S39_Pg2TTT_CB_15mgml_7e-2mms_45C_100um_5ul,sample_corr,XPL,G,70,0.000416175666032359
R0S39_Pg2TTT_CB_15mgml_7e-2mms_45C_100um_5ul,sample_corr,XPL,G,75,0.00034661719109863043
R0S39_Pg2TTT_CB_15mgml_7e-2mms_45C_100um_5ul,sample_corr,XPL,G,80,0.00025888567324727774
R0S39_Pg2TTT_CB_15mgml_7e-2mms_45C_100um_5ul,sample_corr,XPL,G,85,0.00019804819021373987
R0S39_Pg2TTT_CB_15mgml_7e-2mms_45C_100um_5ul,sample_corr,XPL,G,90,0.0001552485628053546
R0S39_Pg2TTT_CB_15mgml_7e-2mms_45C_100um_5ul,sample_corr,XPL,G,95,0.00011505369184305891
R0S39_Pg2TTT_CB_15mgml_7e-2mms_45C_100um_5ul,sample_corr,XPL,G,100,9.920909360516816e-05
R0S39_Pg2TTT_CB_15mgml_7e-2mms_45C_100um_5ul,sample_corr,XPL,G,105,9.781390690477565e-05
R0S39_Pg2TTT_CB_15mgml_7e-2mms_45C_100um_5ul,sample_corr,XPL,G,110,0.00010864620708161965
R0S39_Pg2TTT_CB_15mgml_7e-2mms_45C_100um_5ul,sample_corr,XPL,G,115,0.00013414300337899476
R0S39_Pg2TTT_CB_15mgml_7e-2mms_45C_100um_5ul,sample_corr,XPL,G,120,0.00016092155419755727
R0S39_Pg2TTT_CB_15mgml_7e-2mms_45C_100um_5ul,sample_corr,XPL,G,125,0.00018721187370829284
R0S39_Pg2TTT_CB_15mgml_7e-2mms_45C_100um_5ul,sample_corr,XPL,G,130,0.0002106965403072536
R0S39_Pg2TTT_CB_15mgml_7e-2mms_45C_100um_5ul,sample_corr,XPL,G,135,0.00022189103765413165
R0S39_Pg2TTT_CB_15mgml_7e-2mms_45C_100um_5ul,sample_corr,XPL,G,140,0.00022297420946415514
R0S39_Pg2TTT_CB_15mgml_7e-2mms_45C_100um_5ul,sample_corr,XPL,G,145,0.00020901368407066911
R0S39_Pg2TTT_CB_15mgml_7e-2mms_45C_100um_5ul,sample_corr,XPL,G,150,0.00018722156528383493
R0S39_Pg2TTT_CB_15mgml_7e-2mms_45C_100um_5ul,sample_corr,XPL,G,155,0.00016417518781963736
R0S39_Pg2TTT_CB_15mgml_7e-2mms_45C_100um_5ul,sample_corr,XPL,G,160,0.00013988089631311595
R0S39_Pg2TTT_CB_15mgml_7e-2mms_45C_100um_5ul,sample_corr,XPL,G,165,0.00011622888268902898
R0S39_Pg2TTT_CB_15mgml_7e-2mms_45C_100um_5ul,sample_corr,XPL,B,0,0.00010046099487226456
R0S39_Pg2TTT_CB_15mgml_7e-2mms_45C_100um_5ul,sample_corr,XPL,B,5,0.00012168407556600869
R0S39_Pg2TTT_CB_15mgml_7e-2mms_45C_100um_5ul,sample_corr,XPL,B,10,0.00015993461420293897
R0S39_Pg2TTT_CB_15mgml_7e-2mms_45C_100um_5ul,sample_corr,XPL,B,15,0.00019883130153175443
R0S39_Pg2TTT_CB_15mgml_7e-2mms_45C_100um_5ul,sample_corr,XPL,B,20,0.00024727004347369075
R0S39_Pg2TTT_CB_15mgml_7e-2mms_45C_100um_5ul,sample_corr,XPL,B,25,0.0002983287558890879
R0S39_Pg2TTT_CB_15mgml_7e-2mms_45C_100um_5ul,sample_corr,XPL,B,30,0.0003550228720996529
R0S39_Pg2TTT_CB_15mgml_7e-2mms_45C_100um_5ul,sample_corr,XPL,B,35,0.0003969944373238832
R0S39_Pg2TTT_CB_15mgml_7e-2mms_45C_100um_5ul,sample_corr,XPL,B,40,0.00042563152965158224
R0S39_Pg2TTT_CB_15mgml_7e-2mms_45C_100um_5ul,sample_corr,XPL,B,45,0.0004472104483284056
R0S39_Pg2TTT_CB_15mgml_7e-2mms_45C_100um_5ul,sample_corr,XPL,B,50,0.00044853222789242864
R0S39_Pg2TTT_CB_15mgml_7e-2mms_45C_100um_5ul,sample_corr,XPL,B,55,0.0004326551570557058
R0S39_Pg2TTT_CB_15mgml_7e-2mms_45C_100um_5ul,sample_corr,XPL,B,60,0.00039247467066161335
R0S39_Pg2TTT_CB_15mgml_7e-2mms_45C_100um_5ul,sample_corr,XPL,B,65,0.0003530657268129289
R0S39_Pg2TTT_CB_15mgml_7e-2mms_45C_100um_5ul,sample_corr,XPL,B,70,0.00030064841848798096
R0S39_Pg2TTT_CB_15mgml_7e-2mms_45C_100um_5ul,sample_corr,XPL,B,75,0.00025491524138487875
R0S39_Pg2TTT_CB_15mgml_7e-2mms_45C_100um_5ul,sample_corr,XPL,B,80,0.00019629421876743436
R0S39_Pg2TTT_CB_15mgml_7e-2mms_45C_100um_5ul,sample_corr,XPL,B,85,0.0001556833303766325
R0S39_Pg2TTT_CB_15mgml_7e-2mms_45C_100um_5ul,sample_corr,XPL,B,90,0.00012746387801598758
R0S39_Pg2TTT_CB_15mgml_7e-2mms_45C_100um_5ul,sample_corr,XPL,B,95,0.00010146918066311628
R0S39_Pg2TTT_CB_15mgml_7e-2mms_45C_100um_5ul,sample_corr,XPL,B,100,9.143027273239568e-05
R0S39_Pg2TTT_CB_15mgml_7e-2mms_45C_100um_5ul,sample_corr,XPL,B,105,9.109411621466279e-05
R0S39_Pg2TTT_CB_15mgml_7e-2mms_45C_100um_5ul,sample_corr,XPL,B,110,9.96362286969088e-05
R0S39_Pg2TTT_CB_15mgml_7e-2mms_45C_100um_5ul,sample_corr,XPL,B,115,0.000117268311441876
R0S39_Pg2TTT_CB_15mgml_7e-2mms_45C_100um_5ul,sample_corr,XPL,B,120,0.00013594301708508283
R0S39_Pg2TTT_CB_15mgml_7e-2mms_45C_100um_5ul,sample_corr,XPL,B,125,0.0001545027771499008
R0S39_Pg2TTT_CB_15mgml_7e-2mms_45C_100um_5ul,sample_corr,XPL,B,130,0.00017149247287306935
R0S39_Pg2TTT_CB_15mgml_7e-2mms_45C_100um_5ul,sample_corr,XPL,B,135,0.00017973786452785134
R0S39_Pg2TTT_CB_15mgml_7e-2mms_45C_100um_5ul,sample_corr,XPL,B,140,0.00018064025789499283
R0S39_Pg2TTT_CB_15mgml_7e-2mms_45C_100um_5ul,sample_corr,XPL,B,145,0.00017031820607371628
R0S39_Pg2TTT_CB_15mgml_7e-2mms_45C_100um_5ul,sample_corr,XPL,B,150,0.00015449870261363685
R0S39_Pg2TTT_CB_15mgml_7e-2mms_45C_100um_5ul,sample_corr,XPL,B,155,0.00013890862464904785
R0S39_Pg2TTT_CB_15mgml_7e-2mms_45C_100um_5ul,sample_corr,XPL,B,160,0.0001225858140969649
R0S39_Pg2TTT_CB_15mgml_7e-2mms_45C_100um_5ul,sample_corr,XPL,B,165,0.00010602139809634537
R0S39_Pg2TTT_CB_15mgml_7e-2mms_45C_100um_5ul,blank_corr,PPL,R,0,0.026223549619317055
R0S39_Pg2TTT_CB_15mgml_7e-2mms_45C_100um_5ul,blank_corr,PPL,R,5,0.026202380657196045
R0S39_Pg2TTT_CB_15mgml_7e-2mms_45C_100um_5ul,blank_corr,PPL,R,10,0.026198795065283775
R0S39_Pg2TTT_CB_15mgml_7e-2mms_45C_100um_5ul,blank_corr,PPL,R,15,0.026234449818730354
R0S39_Pg2TTT_CB_15mgml_7e-2mms_45C_100um_5ul,blank_corr,PPL,R,20,0.026145854964852333
R0S39_Pg2TTT_CB_15mgml_7e-2mms_45C_100um_5ul,blank_corr,PPL,R,25,0.0262240432202816
R0S39_Pg2TTT_CB_15mgml_7e-2mms_45C_100um_5ul,blank_corr,PPL,R,30,0.026216942816972733
R0S39_Pg2TTT_CB_15mgml_7e-2mms_45C_100um_5ul,blank_corr,PPL,R,35,0.026234271004796028
R0S39_Pg2TTT_CB_15mgml_7e-2mms_45C_100um_5ul,blank_corr,PPL,R,40,0.026103807613253593
R0S39_Pg2TTT_CB_15mgml_7e-2mms_45C_100um_5ul,blank_corr,PPL,R,45,0.026176951825618744
R0S39_Pg2TTT_CB_15mgml_7e-2mms_45C_100um_5ul,blank_corr,PPL,R,50,0.026089293882250786
R0S39_Pg2TTT_CB_15mgml_7e-2mms_45C_100um_5ul,blank_corr,PPL,R,55,0.026078609749674797
R0S39_Pg2TTT_CB_15mgml_7e-2mms_45C_100um_5ul,blank_corr,PPL,R,60,0.02604210376739502
R0S39_Pg2TTT_CB_15mgml_7e-2mms_45C_100um_5ul,blank_corr,PPL,R,65,0.026026006788015366
R0S39_Pg2TTT_CB_15mgml_7e-2mms_45C_100um_5ul,blank_corr,PPL,R,70,0.026195164769887924
R0S39_Pg2TTT_CB_15mgml_7e-2mms_45C_100um_5ul,blank_corr,PPL,R,75,0.026105469092726707
R0S39_Pg2TTT_CB_15mgml_7e-2mms_45C_100um_5ul,blank_corr,PPL,R,80,0.026091815903782845
R0S39_Pg2TTT_CB_15mgml_7e-2mms_45C_100um_5ul,blank_corr,PPL,R,85,0.02614755928516388
R0S39_Pg2TTT_CB_15mgml_7e-2mms_45C_100um_5ul,blank_corr,PPL,R,90,0.026181723922491074
R0S39_Pg2TTT_CB_15mgml_7e-2mms_45C_100um_5ul,blank_corr,PPL,R,95,0.02619197778403759
R0S39_Pg2TTT_CB_15mgml_7e-2mms_45C_100um_5ul,blank_corr,PPL,R,100,0.02621813304722309
R0S39_Pg2TTT_CB_15mgml_7e-2mms_45C_100um_5ul,blank_corr,PPL,R,105,0.026232605800032616
R0S39_Pg2TTT_CB_15mgml_7e-2mms_45C_100um_5ul,blank_corr,PPL,R,110,0.02625444531440735
R0S39_Pg2TTT_CB_15mgml_7e-2mms_45C_100um_5ul,blank_corr,PPL,R,115,0.026272080838680267
R0S39_Pg2TTT_CB_15mgml_7e-2mms_45C_100um_5ul,blank_corr,PPL,R,120,0.02628364786505699
R0S39_Pg2TTT_CB_15mgml_7e-2mms_45C_100um_5ul,blank_corr,PPL,R,125,0.02622370794415474
R0S39_Pg2TTT_CB_15mgml_7e-2mms_45C_100um_5ul,blank_corr,PPL,R,130,0.0262894369661808
R0S39_Pg2TTT_CB_15mgml_7e-2mms_45C_100um_5ul,blank_corr,PPL,R,135,0.026270341128110886
R0S39_Pg2TTT_CB_15mgml_7e-2mms_45C_100um_5ul,blank_corr,PPL,R,140,0.0262296199798584
R0S39_Pg2TTT_CB_15mgml_7e-2mms_45C_100um_5ul,blank_corr,PPL,R,145,0.02617168053984642
R0S39_Pg2TTT_CB_15mgml_7e-2mms_45C_100um_5ul,blank_corr,PPL,R,150,0.026145631447434425
R0S39_Pg2TTT_CB_15mgml_7e-2mms_45C_100um_5ul,blank_corr,PPL,R,155,0.02612558752298355
R0S39_Pg2TTT_CB_15mgml_7e-2mms_45C_100um_5ul,blank_corr,PPL,R,160,0.026349999010562897
R0S39_Pg2TTT_CB_15mgml_7e-2mms_45C_100um_5ul,blank_corr,PPL,R,165,0.02631399966776371
R0S39_Pg2TTT_CB_15mgml_7e-2mms_45C_100um_5ul,blank_corr,PPL,G,0,0.04059453308582306
R0S39_Pg2TTT_CB_15mgml_7e-2mms_45C_100um_5ul,blank_corr,PPL,G,5,0.04058913514018059
R0S39_Pg2TTT_CB_15mgml_7e-2mms_45C_100um_5ul,blank_corr,PPL,G,10,0.04058689624071121
R0S39_Pg2TTT_CB_15mgml_7e-2mms_45C_100um_5ul,blank_corr,PPL,G,15,0.04062986373901367
R0S39_Pg2TTT_CB_15mgml_7e-2mms_45C_100um_5ul,blank_corr,PPL,G,20,0.04052261635661125
R0S39_Pg2TTT_CB_15mgml_7e-2mms_45C_100um_5ul,blank_corr,PPL,G,25,0.04061901196837425
R0S39_Pg2TTT_CB_15mgml_7e-2mms_45C_100um_5ul,blank_corr,PPL,G,30,0.04060034081339836
R0S39_Pg2TTT_CB_15mgml_7e-2mms_45C_100um_5ul,blank_corr,PPL,G,35,0.0406179316341877
R0S39_Pg2TTT_CB_15mgml_7e-2mms_45C_100um_5ul,blank_corr,PPL,G,40,0.04043636471033096
R0S39_Pg2TTT_CB_15mgml_7e-2mms_45C_100um_5ul,blank_corr,PPL,G,45,0.040530938655138016
R0S39_Pg2TTT_CB_15mgml_7e-2mms_45C_100um_5ul,blank_corr,PPL,G,50,0.040394701063632965
R0S39_Pg2TTT_CB_15mgml_7e-2mms_45C_100um_5ul,blank_corr,PPL,G,55,0.040389806032180786
R0S39_Pg2TTT_CB_15mgml_7e-2mms_45C_100um_5ul,blank_corr,PPL,G,60,0.04033061861991882
R0S39_Pg2TTT_CB_15mgml_7e-2mms_45C_100um_5ul,blank_corr,PPL,G,65,0.040299516171216965
R0S39_Pg2TTT_CB_15mgml_7e-2mms_45C_100um_5ul,blank_corr,PPL,G,70,0.04055529832839966
R0S39_Pg2TTT_CB_15mgml_7e-2mms_45C_100um_5ul,blank_corr,PPL,G,75,0.040429409593343735
R0S39_Pg2TTT_CB_15mgml_7e-2mms_45C_100um_5ul,blank_corr,PPL,G,80,0.0403970368206501
R0S39_Pg2TTT_CB_15mgml_7e-2mms_45C_100um_5ul,blank_corr,PPL,G,85,0.04047341272234917
R0S39_Pg2TTT_CB_15mgml_7e-2mms_45C_100um_5ul,blank_corr,PPL,G,90,0.04053288325667381
R0S39_Pg2TTT_CB_15mgml_7e-2mms_45C_100um_5ul,blank_corr,PPL,G,95,0.040524307638406754
R0S39_Pg2TTT_CB_15mgml_7e-2mms_45C_100um_5ul,blank_corr,PPL,G,100,0.040583476424217224
R0S39_Pg2TTT_CB_15mgml_7e-2mms_45C_100um_5ul,blank_corr,PPL,G,105,0.04060466215014458
R0S39_Pg2TTT_CB_15mgml_7e-2mms_45C_100um_5ul,blank_corr,PPL,G,110,0.04063980653882027
R0S39_Pg2TTT_CB_15mgml_7e-2mms_45C_100um_5ul,blank_corr,PPL,G,115,0.04065637290477753
R0S39_Pg2TTT_CB_15mgml_7e-2mms_45C_100um_5ul,blank_corr,PPL,G,120,0.04067787900567055
R0S39_Pg2TTT_CB_15mgml_7e-2mms_45C_100um_5ul,blank_corr,PPL,G,125,0.04062611237168312
R0S39_Pg2TTT_CB_15mgml_7e-2mms_45C_100um_5ul,blank_corr,PPL,G,130,0.04069187119603157
R0S39_Pg2TTT_CB_15mgml_7e-2mms_45C_100um_5ul,blank_corr,PPL,G,135,0.040690191090106964
R0S39_Pg2TTT_CB_15mgml_7e-2mms_45C_100um_5ul,blank_corr,PPL,G,140,0.04061964154243469
R0S39_Pg2TTT_CB_15mgml_7e-2mms_45C_100um_5ul,blank_corr,PPL,G,145,0.040533483028411865
R0S39_Pg2TTT_CB_15mgml_7e-2mms_45C_100um_5ul,blank_corr,PPL,G,150,0.04048260301351547
R0S39_Pg2TTT_CB_15mgml_7e-2mms_45C_100um_5ul,blank_corr,PPL,G,155,0.04047074913978577
R0S39_Pg2TTT_CB_15mgml_7e-2mms_45C_100um_5ul,blank_corr,PPL,G,160,0.04079538956284523
R0S39_Pg2TTT_CB_15mgml_7e-2mms_45C_100um_5ul,blank_corr,PPL,G,165,0.040772028267383575
R0S39_Pg2TTT_CB_15mgml_7e-2mms_45C_100um_5ul,blank_corr,PPL,B,0,0.0328814871609211
R0S39_Pg2TTT_CB_15mgml_7e-2mms_45C_100um_5ul,blank_corr,PPL,B,5,0.03287127614021301
R0S39_Pg2TTT_CB_15mgml_7e-2mms_45C_100um_5ul,blank_corr,PPL,B,10,0.032872796058654785
R0S39_Pg2TTT_CB_15mgml_7e-2mms_45C_100um_5ul,blank_corr,PPL,B,15,0.03290732949972153
R0S39_Pg2TTT_CB_15mgml_7e-2mms_45C_100um_5ul,blank_corr,PPL,B,20,0.032818473875522614
R0S39_Pg2TTT_CB_15mgml_7e-2mms_45C_100um_5ul,blank_corr,PPL,B,25,0.03290221840143204
R0S39_Pg2TTT_CB_15mgml_7e-2mms_45C_100um_5ul,blank_corr,PPL,B,30,0.03290202096104622
R0S39_Pg2TTT_CB_15mgml_7e-2mms_45C_100um_5ul,blank_corr,PPL,B,35,0.03290798142552376
R0S39_Pg2TTT_CB_15mgml_7e-2mms_45C_100um_5ul,blank_corr,PPL,B,40,0.03275976702570915
R0S39_Pg2TTT_CB_15mgml_7e-2mms_45C_100um_5ul,blank_corr,PPL,B,45,0.03284939378499985
R0S39_Pg2TTT_CB_15mgml_7e-2mms_45C_100um_5ul,blank_corr,PPL,B,50,0.03273930773139
R0S39_Pg2TTT_CB_15mgml_7e-2mms_45C_100um_5ul,blank_corr,PPL,B,55,0.03272946923971176
R0S39_Pg2TTT_CB_15mgml_7e-2mms_45C_100um_5ul,blank_corr,PPL,B,60,0.0326949879527092
R0S39_Pg2TTT_CB_15mgml_7e-2mms_45C_100um_5ul,blank_corr,PPL,B,65,0.03266392648220062
R0S39_Pg2TTT_CB_15mgml_7e-2mms_45C_100um_5ul,blank_corr,PPL,B,70,0.032882772386074066
R0S39_Pg2TTT_CB_15mgml_7e-2mms_45C_100um_5ul,blank_corr,PPL,B,75,0.0327768512070179
R0S39_Pg2TTT_CB_15mgml_7e-2mms_45C_100um_5ul,blank_corr,PPL,B,80,0.03274702653288841
R0S39_Pg2TTT_CB_15mgml_7e-2mms_45C_100um_5ul,blank_corr,PPL,B,85,0.03281866014003754
R0S39_Pg2TTT_CB_15mgml_7e-2mms_45C_100um_5ul,blank_corr,PPL,B,90,0.03286469355225563
R0S39_Pg2TTT_CB_15mgml_7e-2mms_45C_100um_5ul,blank_corr,PPL,B,95,0.03285982832312584
R0S39_Pg2TTT_CB_15mgml_7e-2mms_45C_100um_5ul,blank_corr,PPL,B,100,0.032899294048547745
R0S39_Pg2TTT_CB_15mgml_7e-2mms_45C_100um_5ul,blank_corr,PPL,B,105,0.032917652279138565
R0S39_Pg2TTT_CB_15mgml_7e-2mms_45C_100um_5ul,blank_corr,PPL,B,110,0.03292563930153847
R0S39_Pg2TTT_CB_15mgml_7e-2mms_45C_100um_5ul,blank_corr,PPL,B,115,0.03294551372528076
R0S39_Pg2TTT_CB_15mgml_7e-2mms_45C_100um_5ul,blank_corr,PPL,B,120,0.032958731055259705
R0S39_Pg2TTT_CB_15mgml_7e-2mms_45C_100um_5ul,blank_corr,PPL,B,125,0.032904088497161865
R0S39_Pg2TTT_CB_15mgml_7e-2mms_45C_100um_5ul,blank_corr,PPL,B,130,0.03297854959964752
R0S39_Pg2TTT_CB_15mgml_7e-2mms_45C_100um_5ul,blank_corr,PPL,B,135,0.032975051552057266
R0S39_Pg2TTT_CB_15mgml_7e-2mms_45C_100um_5ul,blank_corr,PPL,B,140,0.03291783109307289
R0S39_Pg2TTT_CB_15mgml_7e-2mms_45C_100um_5ul,blank_corr,PPL,B,145,0.03283900395035744
R0S39_Pg2TTT_CB_15mgml_7e-2mms_45C_100um_5ul,blank_corr,PPL,B,150,0.03280707448720932
R0S39_Pg2TTT_CB_15mgml_7e-2mms_45C_100um_5ul,blank_corr,PPL,B,155,0.03278549388051033
R0S39_Pg2TTT_CB_15mgml_7e-2mms_45C_100um_5ul,blank_corr,PPL,B,160,0.03304416313767433
R0S39_Pg2TTT_CB_15mgml_7e-2mms_45C_100um_5ul,blank_corr,PPL,B,165,0.0330037884414196
R0S39_Pg2TTT_CB_15mgml_7e-2mms_45C_100um_5ul,blank_corr,XPL,R,0,2.3088925445335917e-05
R0S39_Pg2TTT_CB_15mgml_7e-2mms_45C_100um_5ul,blank_corr,XPL,R,5,2.3337130187428556e-05
R0S39_Pg2TTT_CB_15mgml_7e-2mms_45C_100um_5ul,blank_corr,XPL,R,10,2.4086870325845666e-05
R0S39_Pg2TTT_CB_15mgml_7e-2mms_45C_100um_5ul,blank_corr,XPL,R,15,2.228701487183571e-05
R0S39_Pg2TTT_CB_15mgml_7e-2mms_45C_100um_5ul,blank_corr,XPL,R,20,2.4635102818137966e-05
R0S39_Pg2TTT_CB_15mgml_7e-2mms_45C_100um_5ul,blank_corr,XPL,R,25,2.3860862711444497e-05
R0S39_Pg2TTT_CB_15mgml_7e-2mms_45C_100um_5ul,blank_corr,XPL,R,30,2.4263934392365627e-05
R0S39_Pg2TTT_CB_15mgml_7e-2mms_45C_100um_5ul,blank_corr,XPL,R,35,2.371405207668431e-05
R0S39_Pg2TTT_CB_15mgml_7e-2mms_45C_100um_5ul,blank_corr,XPL,R,40,2.2859321688883938e-05
R0S39_Pg2TTT_CB_15mgml_7e-2mms_45C_100um_5ul,blank_corr,XPL,R,45,2.350631621084176e-05
R0S39_Pg2TTT_CB_15mgml_7e-2mms_45C_100um_5ul,blank_corr,XPL,R,50,2.4076265617622994e-05
R0S39_Pg2TTT_CB_15mgml_7e-2mms_45C_100um_5ul,blank_corr,XPL,R,55,2.386505002505146e-05
R0S39_Pg2TTT_CB_15mgml_7e-2mms_45C_100um_5ul,blank_corr,XPL,R,60,2.4671293431310914e-05
R0S39_Pg2TTT_CB_15mgml_7e-2mms_45C_100um_5ul,blank_corr,XPL,R,65,2.3905928173917346e-05
R0S39_Pg2TTT_CB_15mgml_7e-2mms_45C_100um_5ul,blank_corr,XPL,R,70,2.3359807528322563e-05
R0S39_Pg2TTT_CB_15mgml_7e-2mms_45C_100um_5ul,blank_corr,XPL,R,75,2.506022974557709e-05
R0S39_Pg2TTT_CB_15mgml_7e-2mms_45C_100um_5ul,blank_corr,XPL,R,80,2.4006776584428735e-05
R0S39_Pg2TTT_CB_15mgml_7e-2mms_45C_100um_5ul,blank_corr,XPL,R,85,2.5036890292540193e-05
R0S39_Pg2TTT_CB_15mgml_7e-2mms_45C_100um_5ul,blank_corr,XPL,R,90,2.4181952539947815e-05
R0S39_Pg2TTT_CB_15mgml_7e-2mms_45C_100um_5ul,blank_corr,XPL,R,95,2.4213353754021227e-05
R0S39_Pg2TTT_CB_15mgml_7e-2mms_45C_100um_5ul,blank_corr,XPL,R,100,2.2204025299288332e-05
R0S39_Pg2TTT_CB_15mgml_7e-2mms_45C_100um_5ul,blank_corr,XPL,R,105,2.332447729713749e-05
R0S39_Pg2TTT_CB_15mgml_7e-2mms_45C_100um_5ul,blank_corr,XPL,R,110,2.401572601229418e-05
R0S39_Pg2TTT_CB_15mgml_7e-2mms_45C_100um_5ul,blank_corr,XPL,R,115,2.4490296709700488e-05
R0S39_Pg2TTT_CB_15mgml_7e-2mms_45C_100um_5ul,blank_corr,XPL,R,120,2.2349920982378535e-05
R0S39_Pg2TTT_CB_15mgml_7e-2mms_45C_100um_5ul,blank_corr,XPL,R,125,2.4673010557307862e-05
R0S39_Pg2TTT_CB_15mgml_7e-2mms_45C_100um_5ul,blank_corr,XPL,R,130,2.3950542527018115e-05
R0S39_Pg2TTT_CB_15mgml_7e-2mms_45C_100um_5ul,blank_corr,XPL,R,135,2.1850575649295934e-05
R0S39_Pg2TTT_CB_15mgml_7e-2mms_45C_100um_5ul,blank_corr,XPL,R,140,2.4338938601431437e-05
R0S39_Pg2TTT_CB_15mgml_7e-2mms_45C_100um_5ul,blank_corr,XPL,R,145,2.3844970201025717e-05
R0S39_Pg2TTT_CB_15mgml_7e-2mms_45C_100um_5ul,blank_corr,XPL,R,150,2.1873212972423062e-05
R0S39_Pg2TTT_CB_15mgml_7e-2mms_45C_100um_5ul,blank_corr,XPL,R,155,2.3218763089971617e-05
R0S39_Pg2TTT_CB_15mgml_7e-2mms_45C_100um_5ul,blank_corr,XPL,R,160,2.512852006475441e-05
R0S39_Pg2TTT_CB_15mgml_7e-2mms_45C_100um_5ul,blank_corr,XPL,R,165,2.252755621157121e-05
R0S39_Pg2TTT_CB_15mgml_7e-2mms_45C_100um_5ul,blank_corr,XPL,G,0,3.7915538996458054e-05
R0S39_Pg2TTT_CB_15mgml_7e-2mms_45C_100um_5ul,blank_corr,XPL,G,5,3.8044068787712604e-05
R0S39_Pg2TTT_CB_15mgml_7e-2mms_45C_100um_5ul,blank_corr,XPL,G,10,3.896621274179779e-05
R0S39_Pg2TTT_CB_15mgml_7e-2mms_45C_100um_5ul,blank_corr,XPL,G,15,3.7220735976006836e-05
R0S39_Pg2TTT_CB_15mgml_7e-2mms_45C_100um_5ul,blank_corr,XPL,G,20,3.966338044847362e-05
R0S39_Pg2TTT_CB_15mgml_7e-2mms_45C_100um_5ul,blank_corr,XPL,G,25,3.898020804626867e-05
R0S39_Pg2TTT_CB_15mgml_7e-2mms_45C_100um_5ul,blank_corr,XPL,G,30,3.9562561141792685e-05
R0S39_Pg2TTT_CB_15mgml_7e-2mms_45C_100um_5ul,blank_corr,XPL,G,35,3.900673982570879e-05
R0S39_Pg2TTT_CB_15mgml_7e-2mms_45C_100um_5ul,blank_corr,XPL,G,40,3.789672700804658e-05
R0S39_Pg2TTT_CB_15mgml_7e-2mms_45C_100um_5ul,blank_corr,XPL,G,45,3.862281300825998e-05
R0S39_Pg2TTT_CB_15mgml_7e-2mms_45C_100um_5ul,blank_corr,XPL,G,50,3.913869659299962e-05
R0S39_Pg2TTT_CB_15mgml_7e-2mms_45C_100um_5ul,blank_corr,XPL,G,55,3.857683623209596e-05
R0S39_Pg2TTT_CB_15mgml_7e-2mms_45C_100um_5ul,blank_corr,XPL,G,60,3.927698344341479e-05
R0S39_Pg2TTT_CB_15mgml_7e-2mms_45C_100um_5ul,blank_corr,XPL,G,65,3.8174010114744306e-05
R0S39_Pg2TTT_CB_15mgml_7e-2mms_45C_100um_5ul,blank_corr,XPL,G,70,3.765463407034986e-05
R0S39_Pg2TTT_CB_15mgml_7e-2mms_45C_100um_5ul,blank_corr,XPL,G,75,3.920577000826597e-05
R0S39_Pg2TTT_CB_15mgml_7e-2mms_45C_100um_5ul,blank_corr,XPL,G,80,3.801214916165918e-05
R0S39_Pg2TTT_CB_15mgml_7e-2mms_45C_100um_5ul,blank_corr,XPL,G,85,3.9005248254397884e-05
R0S39_Pg2TTT_CB_15mgml_7e-2mms_45C_100um_5ul,blank_corr,XPL,G,90,3.8325521018123254e-05
R0S39_Pg2TTT_CB_15mgml_7e-2mms_45C_100um_5ul,blank_corr,XPL,G,95,3.829793422482908e-05
R0S39_Pg2TTT_CB_15mgml_7e-2mms_45C_100um_5ul,blank_corr,XPL,G,100,3.6351473681861535e-05
R0S39_Pg2TTT_CB_15mgml_7e-2mms_45C_100um_5ul,blank_corr,XPL,G,105,3.750066025531851e-05
R0S39_Pg2TTT_CB_15mgml_7e-2mms_45C_100um_5ul,blank_corr,XPL,G,110,3.824231316684745e-05
R0S39_Pg2TTT_CB_15mgml_7e-2mms_45C_100um_5ul,blank_corr,XPL,G,115,3.888929495587945e-05
R0S39_Pg2TTT_CB_15mgml_7e-2mms_45C_100um_5ul,blank_corr,XPL,G,120,3.685516639961861e-05
R0S39_Pg2TTT_CB_15mgml_7e-2mms_45C_100um_5ul,blank_corr,XPL,G,125,3.944654963561334e-05
R0S39_Pg2TTT_CB_15mgml_7e-2mms_45C_100um_5ul,blank_corr,XPL,G,130,3.906490746885538e-05
R0S39_Pg2TTT_CB_15mgml_7e-2mms_45C_100um_5ul,blank_corr,XPL,G,135,3.700072193169035e-05
R0S39_Pg2TTT_CB_15mgml_7e-2mms_45C_100um_5ul,blank_corr,XPL,G,140,3.940243550459854e-05
R0S39_Pg2TTT_CB_15mgml_7e-2mms_45C_100um_5ul,blank_corr,XPL,G,145,3.872530578519218e-05
R0S39_Pg2TTT_CB_15mgml_7e-2mms_45C_100um_5ul,blank_corr,XPL,G,150,3.6842327972408384e-05
R0S39_Pg2TTT_CB_15mgml_7e-2mms_45C_100um_5ul,blank_corr,XPL,G,155,3.791943163378164e-05
R0S39_Pg2TTT_CB_15mgml_7e-2mms_45C_100um_5ul,blank_corr,XPL,G,160,3.9877351809991524e-05
R0S39_Pg2TTT_CB_15mgml_7e-2mms_45C_100um_5ul,blank_corr,XPL,G,165,3.7261892430251464e-05
R0S39_Pg2TTT_CB_15mgml_7e-2mms_45C_100um_5ul,blank_corr,XPL,B,0,3.705669587361626e-05
R0S39_Pg2TTT_CB_15mgml_7e-2mms_45C_100um_5ul,blank_corr,XPL,B,5,3.7479174352483824e-05
R0S39_Pg2TTT_CB_15mgml_7e-2mms_45C_100um_5ul,blank_corr,XPL,B,10,3.8345096982084215e-05
R0S39_Pg2TTT_CB_15mgml_7e-2mms_45C_100um_5ul,blank_corr,XPL,B,15,3.6559875297825783e-05
R0S39_Pg2TTT_CB_15mgml_7e-2mms_45C_100um_5ul,blank_corr,XPL,B,20,3.894791370839812e-05
R0S39_Pg2TTT_CB_15mgml_7e-2mms_45C_100um_5ul,blank_corr,XPL,B,25,3.823032966465689e-05
R0S39_Pg2TTT_CB_15mgml_7e-2mms_45C_100um_5ul,blank_corr,XPL,B,30,3.871630906360224e-05
R0S39_Pg2TTT_CB_15mgml_7e-2mms_45C_100um_5ul,blank_corr,XPL,B,35,3.809896224993281e-05
R0S39_Pg2TTT_CB_15mgml_7e-2mms_45C_100um_5ul,blank_corr,XPL,B,40,3.7021094613010064e-05
R0S39_Pg2TTT_CB_15mgml_7e-2mms_45C_100um_5ul,blank_corr,XPL,B,45,3.7732730561401695e-05
R0S39_Pg2TTT_CB_15mgml_7e-2mms_45C_100um_5ul,blank_corr,XPL,B,50,3.840681893052533e-05
R0S39_Pg2TTT_CB_15mgml_7e-2mms_45C_100um_5ul,blank_corr,XPL,B,55,3.765974906855263e-05
R0S39_Pg2TTT_CB_15mgml_7e-2mms_45C_100um_5ul,blank_corr,XPL,B,60,3.844290768029168e-05
R0S39_Pg2TTT_CB_15mgml_7e-2mms_45C_100um_5ul,blank_corr,XPL,B,65,3.719982487382367e-05
R0S39_Pg2TTT_CB_15mgml_7e-2mms_45C_100um_5ul,blank_corr,XPL,B,70,3.695671694003977e-05
R0S39_Pg2TTT_CB_15mgml_7e-2mms_45C_100um_5ul,blank_corr,XPL,B,75,3.8533493352588266e-05
R0S39_Pg2TTT_CB_15mgml_7e-2mms_45C_100um_5ul,blank_corr,XPL,B,80,3.7291225453373045e-05
R0S39_Pg2TTT_CB_15mgml_7e-2mms_45C_100um_5ul,blank_corr,XPL,B,85,3.833239316008985e-05
R0S39_Pg2TTT_CB_15mgml_7e-2mms_45C_100um_5ul,blank_corr,XPL,B,90,3.771249976125546e-05
R0S39_Pg2TTT_CB_15mgml_7e-2mms_45C_100um_5ul,blank_corr,XPL,B,95,3.767149246414192e-05
R0S39_Pg2TTT_CB_15mgml_7e-2mms_45C_100um_5ul,blank_corr,XPL,B,100,3.573351932573132e-05
R0S39_Pg2TTT_CB_15mgml_7e-2mms_45C_100um_5ul,blank_corr,XPL,B,105,3.685451520141214e-05
R0S39_Pg2TTT_CB_15mgml_7e-2mms_45C_100um_5ul,blank_corr,XPL,B,110,3.7626741686835885e-05
R0S39_Pg2TTT_CB_15mgml_7e-2mms_45C_100um_5ul,blank_corr,XPL,B,115,3.8123936974443495e-05
R0S39_Pg2TTT_CB_15mgml_7e-2mms_45C_100um_5ul,blank_corr,XPL,B,120,3.6026089219376445e-05
R0S39_Pg2TTT_CB_15mgml_7e-2mms_45C_100um_5ul,blank_corr,XPL,B,125,3.8692120142513886e-05
R0S39_Pg2TTT_CB_15mgml_7e-2mms_45C_100um_5ul,blank_corr,XPL,B,130,3.8296635466394946e-05
R0S39_Pg2TTT_CB_15mgml_7e-2mms_45C_100um_5ul,blank_corr,XPL,B,135,3.616070171119645e-05
R0S39_Pg2TTT_CB_15mgml_7e-2mms_45C_100um_5ul,blank_corr,XPL,B,140,3.858997661154717e-05
R0S39_Pg2TTT_CB_15mgml_7e-2mms_45C_100um_5ul,blank_corr,XPL,B,145,3.782036583288573e-05
R0S39_Pg2TTT_CB_15mgml_7e-2mms_45C_100um_5ul,blank_corr,XPL,B,150,3.6109169741394e-05
R0S39_Pg2TTT_CB_15mgml_7e-2mms_45C_100um_5ul,blank_corr,XPL,B,155,3.723584086401388e-05
R0S39_Pg2TTT_CB_15mgml_7e-2mms_45C_100um_5ul,blank_corr,XPL,B,160,3.923729673260823e-05
R0S39_Pg2TTT_CB_15mgml_7e-2mms_45C_100um_5ul,blank_corr,XPL,B,165,3.6568741052178666e-05
